timestamp,fuel_type,bunker_price,brent_crude,wti_crude,usd_index,natural_gas,freight_index,data_provenance
2024-09-09,VLSFO,606.59,71.84,68.71,101.55,2.17,10.57,REAL_MARKET_TELEMETRY (NYMEX/ICE via Yahoo Finance)
2024-09-10,VLSFO,587.16,69.19,65.75,101.63,2.23,10.56,REAL_MARKET_TELEMETRY (NYMEX/ICE via Yahoo Finance)
2024-09-11,VLSFO,597.57,70.61,67.31,101.68,2.27,10.75,REAL_MARKET_TELEMETRY (NYMEX/ICE via Yahoo Finance)
2024-09-12,VLSFO,607.54,71.97,68.97,101.37,2.36,10.62,REAL_MARKET_TELEMETRY (NYMEX/ICE via Yahoo Finance)
2024-09-13,VLSFO,604.9,71.61,68.65,101.11,2.31,10.27,REAL_MARKET_TELEMETRY (NYMEX/ICE via Yahoo Finance)
2024-09-16,VLSFO,613.26,72.75,70.09,100.76,2.37,10.37,REAL_MARKET_TELEMETRY (NYMEX/ICE via Yahoo Finance)
2024-09-17,VLSFO,620.22,73.7,71.19,100.89,2.32,10.35,REAL_MARKET_TELEMETRY (NYMEX/ICE via Yahoo Finance)
2024-09-18,VLSFO,619.85,73.65,70.91,100.6,2.28,10.68,REAL_MARKET_TELEMETRY (NYMEX/ICE via Yahoo Finance)
2024-09-19,VLSFO,628.87,74.88,71.95,100.61,2.35,10.57,REAL_MARKET_TELEMETRY (NYMEX/ICE via Yahoo Finance)
2024-09-20,VLSFO,626.01,74.49,71.92,100.72,2.43,10.4,REAL_MARKET_TELEMETRY (NYMEX/ICE via Yahoo Finance)
2024-09-23,VLSFO,621.69,73.9,70.37,100.92,2.61,10.62,REAL_MARKET_TELEMETRY (NYMEX/ICE via Yahoo Finance)
2024-09-24,VLSFO,631.0,75.17,71.56,100.37,2.55,10.74,REAL_MARKET_TELEMETRY (NYMEX/ICE via Yahoo Finance)
2024-09-25,VLSFO,618.46,73.46,69.69,100.92,2.64,10.65,REAL_MARKET_TELEMETRY (NYMEX/ICE via Yahoo Finance)
2024-09-26,VLSFO,604.83,71.6,67.67,100.56,2.59,10.72,REAL_MARKET_TELEMETRY (NYMEX/ICE via Yahoo Finance)
2024-09-27,VLSFO,607.61,71.98,68.18,100.42,2.9,10.45,REAL_MARKET_TELEMETRY (NYMEX/ICE via Yahoo Finance)
2024-09-30,VLSFO,606.07,71.77,68.17,100.78,2.92,10.74,REAL_MARKET_TELEMETRY (NYMEX/ICE via Yahoo Finance)
2024-10-01,VLSFO,619.19,73.56,69.83,101.19,2.9,10.19,REAL_MARKET_TELEMETRY (NYMEX/ICE via Yahoo Finance)
2024-10-02,VLSFO,621.69,73.9,70.1,101.68,2.89,10.08,REAL_MARKET_TELEMETRY (NYMEX/ICE via Yahoo Finance)
2024-10-03,VLSFO,648.95,77.62,73.71,101.99,2.97,10.35,REAL_MARKET_TELEMETRY (NYMEX/ICE via Yahoo Finance)
2024-10-04,VLSFO,652.11,78.05,74.38,102.52,2.85,10.26,REAL_MARKET_TELEMETRY (NYMEX/ICE via Yahoo Finance)
2024-10-07,VLSFO,673.22,80.93,77.14,102.54,2.75,10.22,REAL_MARKET_TELEMETRY (NYMEX/ICE via Yahoo Finance)
2024-10-08,VLSFO,645.73,77.18,73.57,102.55,2.73,9.79,REAL_MARKET_TELEMETRY (NYMEX/ICE via Yahoo Finance)
2024-10-09,VLSFO,641.33,76.58,73.24,102.93,2.66,9.33,REAL_MARKET_TELEMETRY (NYMEX/ICE via Yahoo Finance)
2024-10-10,VLSFO,662.0,79.4,75.85,102.99,2.67,9.54,REAL_MARKET_TELEMETRY (NYMEX/ICE via Yahoo Finance)
2024-10-11,VLSFO,659.36,79.04,75.56,102.89,2.63,9.41,REAL_MARKET_TELEMETRY (NYMEX/ICE via Yahoo Finance)
2024-10-14,VLSFO,647.78,77.46,73.83,103.3,2.49,9.04,REAL_MARKET_TELEMETRY (NYMEX/ICE via Yahoo Finance)
2024-10-15,VLSFO,624.25,74.25,70.58,103.26,2.5,8.52,REAL_MARKET_TELEMETRY (NYMEX/ICE via Yahoo Finance)
2024-10-16,VLSFO,624.03,74.22,70.39,103.59,2.37,8.1,REAL_MARKET_TELEMETRY (NYMEX/ICE via Yahoo Finance)
2024-10-17,VLSFO,625.72,74.45,70.67,103.83,2.35,8.42,REAL_MARKET_TELEMETRY (NYMEX/ICE via Yahoo Finance)
2024-10-18,VLSFO,615.53,73.06,69.22,103.49,2.26,8.22,REAL_MARKET_TELEMETRY (NYMEX/ICE via Yahoo Finance)
2024-10-21,VLSFO,624.55,74.29,70.56,104.01,2.31,7.93,REAL_MARKET_TELEMETRY (NYMEX/ICE via Yahoo Finance)
2024-10-22,VLSFO,637.37,76.04,72.09,104.08,2.31,7.93,REAL_MARKET_TELEMETRY (NYMEX/ICE via Yahoo Finance)
2024-10-23,VLSFO,629.46,74.96,70.77,104.43,2.34,8.06,REAL_MARKET_TELEMETRY (NYMEX/ICE via Yahoo Finance)
2024-10-24,VLSFO,625.21,74.38,70.19,104.06,2.52,7.93,REAL_MARKET_TELEMETRY (NYMEX/ICE via Yahoo Finance)
2024-10-25,VLSFO,637.45,76.05,71.78,104.26,2.56,7.81,REAL_MARKET_TELEMETRY (NYMEX/ICE via Yahoo Finance)
2024-10-28,VLSFO,603.51,71.42,67.38,104.32,2.31,7.53,REAL_MARKET_TELEMETRY (NYMEX/ICE via Yahoo Finance)
2024-10-29,VLSFO,601.31,71.12,67.21,104.28,2.35,7.87,REAL_MARKET_TELEMETRY (NYMEX/ICE via Yahoo Finance)
2024-10-30,VLSFO,611.79,72.55,68.61,103.99,2.85,7.48,REAL_MARKET_TELEMETRY (NYMEX/ICE via Yahoo Finance)
2024-10-31,VLSFO,616.26,73.16,69.26,103.98,2.71,7.48,REAL_MARKET_TELEMETRY (NYMEX/ICE via Yahoo Finance)
2024-11-01,VLSFO,615.82,73.1,69.49,104.28,2.66,7.47,REAL_MARKET_TELEMETRY (NYMEX/ICE via Yahoo Finance)
2024-11-04,VLSFO,630.34,75.08,71.47,103.89,2.78,7.78,REAL_MARKET_TELEMETRY (NYMEX/ICE via Yahoo Finance)
2024-11-05,VLSFO,633.63,75.53,71.99,103.42,2.67,7.85,REAL_MARKET_TELEMETRY (NYMEX/ICE via Yahoo Finance)
2024-11-06,VLSFO,629.16,74.92,71.69,105.09,2.75,7.65,REAL_MARKET_TELEMETRY (NYMEX/ICE via Yahoo Finance)
2024-11-07,VLSFO,634.37,75.63,72.36,104.51,2.69,7.89,REAL_MARKET_TELEMETRY (NYMEX/ICE via Yahoo Finance)
2024-11-08,VLSFO,621.47,73.87,70.38,105.0,2.67,8.15,REAL_MARKET_TELEMETRY (NYMEX/ICE via Yahoo Finance)
2024-11-11,VLSFO,606.51,71.83,68.04,105.54,2.92,8.46,REAL_MARKET_TELEMETRY (NYMEX/ICE via Yahoo Finance)
2024-11-12,VLSFO,606.95,71.89,68.12,106.02,2.91,8.3,REAL_MARKET_TELEMETRY (NYMEX/ICE via Yahoo Finance)
2024-11-13,VLSFO,609.81,72.28,68.43,106.48,2.98,8.49,REAL_MARKET_TELEMETRY (NYMEX/ICE via Yahoo Finance)
2024-11-14,VLSFO,611.86,72.56,68.7,106.67,2.79,8.45,REAL_MARKET_TELEMETRY (NYMEX/ICE via Yahoo Finance)
2024-11-15,VLSFO,600.72,71.04,67.02,106.69,2.82,8.5,REAL_MARKET_TELEMETRY (NYMEX/ICE via Yahoo Finance)
2024-11-18,VLSFO,617.29,73.3,69.16,106.28,2.97,7.99,REAL_MARKET_TELEMETRY (NYMEX/ICE via Yahoo Finance)
2024-11-19,VLSFO,617.36,73.31,69.39,106.21,3.0,7.8,REAL_MARKET_TELEMETRY (NYMEX/ICE via Yahoo Finance)
2024-11-20,VLSFO,613.7,72.81,68.87,106.68,3.19,7.66,REAL_MARKET_TELEMETRY (NYMEX/ICE via Yahoo Finance)
2024-11-21,VLSFO,624.11,74.23,70.1,106.97,3.34,7.5,REAL_MARKET_TELEMETRY (NYMEX/ICE via Yahoo Finance)
2024-11-22,VLSFO,631.0,75.17,71.24,107.49,3.13,7.23,REAL_MARKET_TELEMETRY (NYMEX/ICE via Yahoo Finance)
2024-11-25,VLSFO,615.16,73.01,68.94,106.82,3.37,7.45,REAL_MARKET_TELEMETRY (NYMEX/ICE via Yahoo Finance)
2024-11-26,VLSFO,613.7,72.81,68.77,107.01,3.43,7.41,REAL_MARKET_TELEMETRY (NYMEX/ICE via Yahoo Finance)
2024-11-27,VLSFO,613.84,72.83,68.72,106.08,3.2,6.8,REAL_MARKET_TELEMETRY (NYMEX/ICE via Yahoo Finance)
2024-11-29,VLSFO,614.65,72.94,68.0,105.74,3.36,6.65,REAL_MARKET_TELEMETRY (NYMEX/ICE via Yahoo Finance)
2024-12-02,VLSFO,606.51,71.83,68.1,106.45,3.21,6.35,REAL_MARKET_TELEMETRY (NYMEX/ICE via Yahoo Finance)
2024-12-03,VLSFO,619.63,73.62,69.94,106.37,3.04,6.35,REAL_MARKET_TELEMETRY (NYMEX/ICE via Yahoo Finance)
2024-12-04,VLSFO,610.03,72.31,68.54,106.34,3.04,6.44,REAL_MARKET_TELEMETRY (NYMEX/ICE via Yahoo Finance)
2024-12-05,VLSFO,608.42,72.09,68.3,105.71,3.08,6.62,REAL_MARKET_TELEMETRY (NYMEX/ICE via Yahoo Finance)
2024-12-06,VLSFO,601.31,71.12,67.2,105.97,3.08,6.49,REAL_MARKET_TELEMETRY (NYMEX/ICE via Yahoo Finance)
2024-12-09,VLSFO,608.79,72.14,68.37,106.15,3.18,6.2,REAL_MARKET_TELEMETRY (NYMEX/ICE via Yahoo Finance)
2024-12-10,VLSFO,609.15,72.19,68.59,106.4,3.16,6.02,REAL_MARKET_TELEMETRY (NYMEX/ICE via Yahoo Finance)
2024-12-11,VLSFO,618.9,73.52,70.29,106.71,3.38,5.71,REAL_MARKET_TELEMETRY (NYMEX/ICE via Yahoo Finance)
2024-12-12,VLSFO,618.1,73.41,70.02,106.96,3.45,5.9,REAL_MARKET_TELEMETRY (NYMEX/ICE via Yahoo Finance)
2024-12-13,VLSFO,626.01,74.49,71.29,107.0,3.28,6.1,REAL_MARKET_TELEMETRY (NYMEX/ICE via Yahoo Finance)
2024-12-16,VLSFO,621.76,73.91,70.71,106.86,3.21,6.07,REAL_MARKET_TELEMETRY (NYMEX/ICE via Yahoo Finance)
2024-12-17,VLSFO,616.48,73.19,70.08,106.96,3.31,5.85,REAL_MARKET_TELEMETRY (NYMEX/ICE via Yahoo Finance)
2024-12-18,VLSFO,617.95,73.39,70.58,108.03,3.37,6.06,REAL_MARKET_TELEMETRY (NYMEX/ICE via Yahoo Finance)
2024-12-19,VLSFO,614.21,72.88,69.91,108.41,3.58,6.01,REAL_MARKET_TELEMETRY (NYMEX/ICE via Yahoo Finance)
2024-12-20,VLSFO,614.65,72.94,69.46,107.62,3.75,6.22,REAL_MARKET_TELEMETRY (NYMEX/ICE via Yahoo Finance)
2024-12-23,VLSFO,612.38,72.63,69.24,108.04,3.66,6.25,REAL_MARKET_TELEMETRY (NYMEX/ICE via Yahoo Finance)
2024-12-24,VLSFO,619.34,73.58,70.1,108.26,3.95,6.13,REAL_MARKET_TELEMETRY (NYMEX/ICE via Yahoo Finance)
2024-12-26,VLSFO,617.0,73.26,69.62,108.13,3.71,6.07,REAL_MARKET_TELEMETRY (NYMEX/ICE via Yahoo Finance)
2024-12-27,VLSFO,623.67,74.17,70.6,108.0,3.51,6.1,REAL_MARKET_TELEMETRY (NYMEX/ICE via Yahoo Finance)
2024-12-30,VLSFO,625.28,74.39,70.99,108.13,3.94,5.92,REAL_MARKET_TELEMETRY (NYMEX/ICE via Yahoo Finance)
2024-12-31,VLSFO,627.11,74.64,71.72,108.49,3.63,6.08,REAL_MARKET_TELEMETRY (NYMEX/ICE via Yahoo Finance)
2025-01-02,VLSFO,636.57,75.93,73.13,109.39,3.66,6.25,REAL_MARKET_TELEMETRY (NYMEX/ICE via Yahoo Finance)
2025-01-03,VLSFO,640.82,76.51,73.96,108.95,3.35,6.26,REAL_MARKET_TELEMETRY (NYMEX/ICE via Yahoo Finance)
2025-01-06,VLSFO,639.28,76.3,73.56,108.26,3.67,5.82,REAL_MARKET_TELEMETRY (NYMEX/ICE via Yahoo Finance)
2025-01-07,VLSFO,644.78,77.05,74.25,108.54,3.45,5.63,REAL_MARKET_TELEMETRY (NYMEX/ICE via Yahoo Finance)
2025-01-08,VLSFO,638.25,76.16,73.32,109.09,3.65,5.55,REAL_MARKET_TELEMETRY (NYMEX/ICE via Yahoo Finance)
2025-01-09,VLSFO,643.82,76.92,73.92,109.18,3.7,5.55,REAL_MARKET_TELEMETRY (NYMEX/ICE via Yahoo Finance)
2025-01-10,VLSFO,664.64,79.76,76.57,109.65,3.99,6.7,REAL_MARKET_TELEMETRY (NYMEX/ICE via Yahoo Finance)
2025-01-13,VLSFO,673.8,81.01,78.82,109.96,3.93,5.84,REAL_MARKET_TELEMETRY (NYMEX/ICE via Yahoo Finance)
2025-01-14,VLSFO,665.81,79.92,77.5,109.27,3.97,6.13,REAL_MARKET_TELEMETRY (NYMEX/ICE via Yahoo Finance)
2025-01-15,VLSFO,681.28,82.03,80.04,109.09,4.08,5.89,REAL_MARKET_TELEMETRY (NYMEX/ICE via Yahoo Finance)
2025-01-16,VLSFO,675.86,81.29,78.68,108.96,4.26,5.73,REAL_MARKET_TELEMETRY (NYMEX/ICE via Yahoo Finance)
2025-01-17,VLSFO,672.19,80.79,77.88,109.35,3.95,5.72,REAL_MARKET_TELEMETRY (NYMEX/ICE via Yahoo Finance)
2025-01-21,VLSFO,661.2,79.29,75.89,108.06,3.76,5.61,REAL_MARKET_TELEMETRY (NYMEX/ICE via Yahoo Finance)
2025-01-22,VLSFO,659.07,79.0,75.44,108.17,3.96,5.28,REAL_MARKET_TELEMETRY (NYMEX/ICE via Yahoo Finance)
2025-01-23,VLSFO,653.87,78.29,74.62,108.05,3.94,5.14,REAL_MARKET_TELEMETRY (NYMEX/ICE via Yahoo Finance)
2025-01-24,VLSFO,655.4,78.5,74.66,107.44,4.03,5.14,REAL_MARKET_TELEMETRY (NYMEX/ICE via Yahoo Finance)
2025-01-27,VLSFO,645.0,77.08,73.17,107.34,3.7,5.32,REAL_MARKET_TELEMETRY (NYMEX/ICE via Yahoo Finance)
2025-01-28,VLSFO,648.0,77.49,73.77,107.87,3.47,5.28,REAL_MARKET_TELEMETRY (NYMEX/ICE via Yahoo Finance)
2025-01-29,VLSFO,641.33,76.58,72.62,108.0,3.54,5.32,REAL_MARKET_TELEMETRY (NYMEX/ICE via Yahoo Finance)
2025-01-30,VLSFO,643.46,76.87,72.73,107.8,3.05,5.49,REAL_MARKET_TELEMETRY (NYMEX/ICE via Yahoo Finance)
2025-01-31,VLSFO,642.65,76.76,72.53,108.37,3.04,5.77,REAL_MARKET_TELEMETRY (NYMEX/ICE via Yahoo Finance)
2025-02-03,VLSFO,636.79,75.96,73.16,108.99,3.35,5.47,REAL_MARKET_TELEMETRY (NYMEX/ICE via Yahoo Finance)
2025-02-04,VLSFO,638.55,76.2,72.7,107.96,3.25,5.87,REAL_MARKET_TELEMETRY (NYMEX/ICE via Yahoo Finance)
2025-02-05,VLSFO,626.89,74.61,71.03,107.58,3.36,5.99,REAL_MARKET_TELEMETRY (NYMEX/ICE via Yahoo Finance)
2025-02-06,VLSFO,624.55,74.29,70.61,107.69,3.41,5.8,REAL_MARKET_TELEMETRY (NYMEX/ICE via Yahoo Finance)
2025-02-07,VLSFO,627.26,74.66,71.0,108.04,3.31,5.86,REAL_MARKET_TELEMETRY (NYMEX/ICE via Yahoo Finance)
2025-02-10,VLSFO,636.13,75.87,72.32,108.32,3.44,5.78,REAL_MARKET_TELEMETRY (NYMEX/ICE via Yahoo Finance)
2025-02-11,VLSFO,644.41,77.0,73.32,107.96,3.52,5.68,REAL_MARKET_TELEMETRY (NYMEX/ICE via Yahoo Finance)
2025-02-12,VLSFO,631.07,75.18,71.37,107.94,3.57,5.51,REAL_MARKET_TELEMETRY (NYMEX/ICE via Yahoo Finance)
2025-02-13,VLSFO,629.9,75.02,71.29,107.31,3.63,5.5,REAL_MARKET_TELEMETRY (NYMEX/ICE via Yahoo Finance)
2025-02-14,VLSFO,627.84,74.74,70.74,106.57,3.72,5.64,REAL_MARKET_TELEMETRY (NYMEX/ICE via Yahoo Finance)
2025-02-18,VLSFO,635.91,75.84,71.85,107.05,4.01,6.08,REAL_MARKET_TELEMETRY (NYMEX/ICE via Yahoo Finance)
2025-02-19,VLSFO,637.37,76.04,72.25,107.17,4.28,5.99,REAL_MARKET_TELEMETRY (NYMEX/ICE via Yahoo Finance)
2025-02-20,VLSFO,640.6,76.48,72.57,106.34,4.15,6.45,REAL_MARKET_TELEMETRY (NYMEX/ICE via Yahoo Finance)
2025-02-21,VLSFO,625.57,74.43,70.4,106.61,4.23,6.32,REAL_MARKET_TELEMETRY (NYMEX/ICE via Yahoo Finance)
2025-02-24,VLSFO,628.14,74.78,70.7,106.6,3.99,6.09,REAL_MARKET_TELEMETRY (NYMEX/ICE via Yahoo Finance)
2025-02-25,VLSFO,615.24,73.02,68.93,106.31,4.17,6.26,REAL_MARKET_TELEMETRY (NYMEX/ICE via Yahoo Finance)
2025-02-26,VLSFO,611.64,72.53,68.62,106.42,3.91,6.4,REAL_MARKET_TELEMETRY (NYMEX/ICE via Yahoo Finance)
2025-02-27,VLSFO,622.71,74.04,70.35,107.24,3.93,6.17,REAL_MARKET_TELEMETRY (NYMEX/ICE via Yahoo Finance)
2025-02-28,VLSFO,616.41,73.18,69.76,107.61,3.83,6.4,REAL_MARKET_TELEMETRY (NYMEX/ICE via Yahoo Finance)
2025-03-03,VLSFO,604.97,71.62,68.37,106.75,4.12,6.15,REAL_MARKET_TELEMETRY (NYMEX/ICE via Yahoo Finance)
2025-03-04,VLSFO,600.72,71.04,68.26,105.74,4.35,6.0,REAL_MARKET_TELEMETRY (NYMEX/ICE via Yahoo Finance)
2025-03-05,VLSFO,587.97,69.3,66.31,105.74,4.45,6.29,REAL_MARKET_TELEMETRY (NYMEX/ICE via Yahoo Finance)
2025-03-06,VLSFO,589.14,69.46,66.36,104.06,4.3,6.5,REAL_MARKET_TELEMETRY (NYMEX/ICE via Yahoo Finance)
2025-03-07,VLSFO,595.74,70.36,67.04,103.84,4.4,6.57,REAL_MARKET_TELEMETRY (NYMEX/ICE via Yahoo Finance)
2025-03-10,VLSFO,587.82,69.28,66.03,103.91,4.49,6.55,REAL_MARKET_TELEMETRY (NYMEX/ICE via Yahoo Finance)
2025-03-11,VLSFO,589.87,69.56,66.25,103.44,4.45,6.68,REAL_MARKET_TELEMETRY (NYMEX/ICE via Yahoo Finance)
2025-03-12,VLSFO,600.06,70.95,67.68,103.61,4.08,7.14,REAL_MARKET_TELEMETRY (NYMEX/ICE via Yahoo Finance)
2025-03-13,VLSFO,592.22,69.88,66.55,103.83,4.11,6.85,REAL_MARKET_TELEMETRY (NYMEX/ICE via Yahoo Finance)
2025-03-14,VLSFO,597.35,70.58,67.18,103.72,4.1,6.95,REAL_MARKET_TELEMETRY (NYMEX/ICE via Yahoo Finance)
2025-03-17,VLSFO,600.94,71.07,67.58,103.37,4.02,6.86,REAL_MARKET_TELEMETRY (NYMEX/ICE via Yahoo Finance)
2025-03-18,VLSFO,597.2,70.56,66.9,103.24,4.05,6.73,REAL_MARKET_TELEMETRY (NYMEX/ICE via Yahoo Finance)
2025-03-19,VLSFO,598.82,70.78,67.16,103.43,4.25,6.5,REAL_MARKET_TELEMETRY (NYMEX/ICE via Yahoo Finance)
2025-03-20,VLSFO,607.76,72.0,68.26,103.85,3.97,6.78,REAL_MARKET_TELEMETRY (NYMEX/ICE via Yahoo Finance)
2025-03-21,VLSFO,608.93,72.16,68.28,104.09,3.98,6.91,REAL_MARKET_TELEMETRY (NYMEX/ICE via Yahoo Finance)
2025-03-24,VLSFO,615.09,73.0,69.11,104.26,3.91,6.75,REAL_MARKET_TELEMETRY (NYMEX/ICE via Yahoo Finance)
2025-03-25,VLSFO,615.24,73.02,69.0,104.18,3.84,6.51,REAL_MARKET_TELEMETRY (NYMEX/ICE via Yahoo Finance)
2025-03-26,VLSFO,620.88,73.79,69.65,104.55,3.86,6.4,REAL_MARKET_TELEMETRY (NYMEX/ICE via Yahoo Finance)
2025-03-27,VLSFO,622.64,74.03,69.92,104.07,3.95,6.35,REAL_MARKET_TELEMETRY (NYMEX/ICE via Yahoo Finance)
2025-03-28,VLSFO,619.71,73.63,69.36,104.04,4.07,6.36,REAL_MARKET_TELEMETRY (NYMEX/ICE via Yahoo Finance)
2025-03-31,VLSFO,627.84,74.74,71.48,104.21,4.12,6.25,REAL_MARKET_TELEMETRY (NYMEX/ICE via Yahoo Finance)
2025-04-01,VLSFO,626.01,74.49,71.2,104.26,3.95,6.5,REAL_MARKET_TELEMETRY (NYMEX/ICE via Yahoo Finance)
2025-04-02,VLSFO,629.38,74.95,71.71,103.81,4.05,6.37,REAL_MARKET_TELEMETRY (NYMEX/ICE via Yahoo Finance)
2025-04-03,VLSFO,594.13,70.14,66.95,102.07,4.14,6.02,REAL_MARKET_TELEMETRY (NYMEX/ICE via Yahoo Finance)
2025-04-04,VLSFO,560.7,65.58,61.99,103.02,3.84,5.62,REAL_MARKET_TELEMETRY (NYMEX/ICE via Yahoo Finance)
2025-04-07,VLSFO,550.66,64.21,60.7,103.26,3.65,5.38,REAL_MARKET_TELEMETRY (NYMEX/ICE via Yahoo Finance)
2025-04-08,VLSFO,540.47,62.82,59.58,102.96,3.46,5.36,REAL_MARKET_TELEMETRY (NYMEX/ICE via Yahoo Finance)
2025-04-09,VLSFO,559.97,65.48,62.35,102.9,3.82,5.33,REAL_MARKET_TELEMETRY (NYMEX/ICE via Yahoo Finance)
2025-04-10,VLSFO,544.21,63.33,60.07,100.87,3.56,5.6,REAL_MARKET_TELEMETRY (NYMEX/ICE via Yahoo Finance)
2025-04-11,VLSFO,554.69,64.76,61.5,99.78,3.53,5.63,REAL_MARKET_TELEMETRY (NYMEX/ICE via Yahoo Finance)
2025-04-14,VLSFO,555.57,64.88,61.53,99.64,3.33,5.75,REAL_MARKET_TELEMETRY (NYMEX/ICE via Yahoo Finance)
2025-04-15,VLSFO,554.03,64.67,61.33,100.22,3.33,5.69,REAL_MARKET_TELEMETRY (NYMEX/ICE via Yahoo Finance)
2025-04-16,VLSFO,562.68,65.85,62.47,99.38,3.25,5.72,REAL_MARKET_TELEMETRY (NYMEX/ICE via Yahoo Finance)
2025-04-17,VLSFO,578.15,67.96,64.68,99.38,3.24,5.74,REAL_MARKET_TELEMETRY (NYMEX/ICE via Yahoo Finance)
2025-04-21,VLSFO,565.69,66.26,63.08,98.28,3.02,5.73,REAL_MARKET_TELEMETRY (NYMEX/ICE via Yahoo Finance)
2025-04-22,VLSFO,574.34,67.44,64.31,98.92,3.01,5.6,REAL_MARKET_TELEMETRY (NYMEX/ICE via Yahoo Finance)
2025-04-23,VLSFO,564.66,66.12,62.27,99.84,3.02,5.88,REAL_MARKET_TELEMETRY (NYMEX/ICE via Yahoo Finance)
2025-04-24,VLSFO,567.81,66.55,62.79,99.29,2.93,5.83,REAL_MARKET_TELEMETRY (NYMEX/ICE via Yahoo Finance)
2025-04-25,VLSFO,570.16,66.87,63.02,99.47,2.94,5.92,REAL_MARKET_TELEMETRY (NYMEX/ICE via Yahoo Finance)
2025-04-28,VLSFO,562.75,65.86,62.05,99.01,3.17,5.78,REAL_MARKET_TELEMETRY (NYMEX/ICE via Yahoo Finance)
2025-04-29,VLSFO,550.95,64.25,60.42,99.24,3.39,5.57,REAL_MARKET_TELEMETRY (NYMEX/ICE via Yahoo Finance)
2025-04-30,VLSFO,542.67,63.12,58.21,99.47,3.33,5.76,REAL_MARKET_TELEMETRY (NYMEX/ICE via Yahoo Finance)
2025-05-01,VLSFO,535.41,62.13,59.24,100.25,3.48,5.95,REAL_MARKET_TELEMETRY (NYMEX/ICE via Yahoo Finance)
2025-05-02,VLSFO,529.26,61.29,58.29,100.0,3.63,5.84,REAL_MARKET_TELEMETRY (NYMEX/ICE via Yahoo Finance)
2025-05-05,VLSFO,521.49,60.23,57.13,99.83,3.55,5.91,REAL_MARKET_TELEMETRY (NYMEX/ICE via Yahoo Finance)
2025-05-06,VLSFO,535.56,62.15,59.09,99.24,3.46,5.62,REAL_MARKET_TELEMETRY (NYMEX/ICE via Yahoo Finance)
2025-05-07,VLSFO,528.01,61.12,58.07,99.61,3.62,5.62,REAL_MARKET_TELEMETRY (NYMEX/ICE via Yahoo Finance)
2025-05-08,VLSFO,540.62,62.84,59.91,100.64,3.59,5.42,REAL_MARKET_TELEMETRY (NYMEX/ICE via Yahoo Finance)
2025-05-09,VLSFO,548.46,63.91,61.02,100.34,3.8,5.43,REAL_MARKET_TELEMETRY (NYMEX/ICE via Yahoo Finance)
2025-05-12,VLSFO,556.16,64.96,61.95,101.79,3.65,5.54,REAL_MARKET_TELEMETRY (NYMEX/ICE via Yahoo Finance)
2025-05-13,VLSFO,568.4,66.63,63.67,101.0,3.65,5.3,REAL_MARKET_TELEMETRY (NYMEX/ICE via Yahoo Finance)
2025-05-14,VLSFO,564.44,66.09,63.15,101.04,3.49,5.46,REAL_MARKET_TELEMETRY (NYMEX/ICE via Yahoo Finance)
2025-05-15,VLSFO,553.0,64.53,61.62,100.88,3.36,5.55,REAL_MARKET_TELEMETRY (NYMEX/ICE via Yahoo Finance)
2025-05-16,VLSFO,559.46,65.41,62.49,101.09,3.33,5.5,REAL_MARKET_TELEMETRY (NYMEX/ICE via Yahoo Finance)
2025-05-19,VLSFO,560.41,65.54,62.69,100.43,3.11,5.31,REAL_MARKET_TELEMETRY (NYMEX/ICE via Yahoo Finance)
2025-05-20,VLSFO,559.24,65.38,62.56,100.12,3.43,5.36,REAL_MARKET_TELEMETRY (NYMEX/ICE via Yahoo Finance)
2025-05-21,VLSFO,555.79,64.91,61.57,99.56,3.37,5.34,REAL_MARKET_TELEMETRY (NYMEX/ICE via Yahoo Finance)
2025-05-22,VLSFO,552.35,64.44,61.2,99.96,3.25,5.21,REAL_MARKET_TELEMETRY (NYMEX/ICE via Yahoo Finance)
2025-05-23,VLSFO,554.84,64.78,61.53,99.11,3.33,5.15,REAL_MARKET_TELEMETRY (NYMEX/ICE via Yahoo Finance)
2025-05-27,VLSFO,549.78,64.09,60.89,99.52,3.4,5.15,REAL_MARKET_TELEMETRY (NYMEX/ICE via Yahoo Finance)
2025-05-28,VLSFO,555.72,64.9,61.84,99.88,3.2,5.17,REAL_MARKET_TELEMETRY (NYMEX/ICE via Yahoo Finance)
2025-05-29,VLSFO,550.22,64.15,60.94,99.28,3.52,5.19,REAL_MARKET_TELEMETRY (NYMEX/ICE via Yahoo Finance)
2025-05-30,VLSFO,548.39,63.9,60.79,99.33,3.45,5.19,REAL_MARKET_TELEMETRY (NYMEX/ICE via Yahoo Finance)
2025-06-02,VLSFO,553.74,64.63,62.52,98.7,3.69,5.1,REAL_MARKET_TELEMETRY (NYMEX/ICE via Yahoo Finance)
2025-06-03,VLSFO,561.07,65.63,63.41,99.25,3.72,5.2,REAL_MARKET_TELEMETRY (NYMEX/ICE via Yahoo Finance)
2025-06-04,VLSFO,555.42,64.86,62.85,98.79,3.72,5.42,REAL_MARKET_TELEMETRY (NYMEX/ICE via Yahoo Finance)
2025-06-05,VLSFO,558.94,65.34,63.37,98.74,3.68,5.49,REAL_MARKET_TELEMETRY (NYMEX/ICE via Yahoo Finance)
2025-06-06,VLSFO,567.23,66.47,64.58,99.19,3.78,5.41,REAL_MARKET_TELEMETRY (NYMEX/ICE via Yahoo Finance)
2025-06-09,VLSFO,571.4,67.04,65.29,98.94,3.63,5.37,REAL_MARKET_TELEMETRY (NYMEX/ICE via Yahoo Finance)
2025-06-10,VLSFO,570.16,66.87,64.98,99.05,3.53,5.52,REAL_MARKET_TELEMETRY (NYMEX/ICE via Yahoo Finance)
2025-06-11,VLSFO,591.41,69.77,68.15,98.63,3.51,5.65,REAL_MARKET_TELEMETRY (NYMEX/ICE via Yahoo Finance)
2025-06-12,VLSFO,588.41,69.36,68.04,97.92,3.49,5.73,REAL_MARKET_TELEMETRY (NYMEX/ICE via Yahoo Finance)
2025-06-13,VLSFO,624.11,74.23,72.98,98.18,3.58,5.87,REAL_MARKET_TELEMETRY (NYMEX/ICE via Yahoo Finance)
2025-06-16,VLSFO,616.78,73.23,71.77,98.0,3.75,5.68,REAL_MARKET_TELEMETRY (NYMEX/ICE via Yahoo Finance)
2025-06-17,VLSFO,640.38,76.45,74.84,98.82,3.85,5.63,REAL_MARKET_TELEMETRY (NYMEX/ICE via Yahoo Finance)
2025-06-18,VLSFO,642.21,76.7,75.14,98.91,3.99,5.62,REAL_MARKET_TELEMETRY (NYMEX/ICE via Yahoo Finance)
2025-06-20,VLSFO,644.48,77.01,74.93,98.71,3.85,5.73,REAL_MARKET_TELEMETRY (NYMEX/ICE via Yahoo Finance)
2025-06-23,VLSFO,603.95,71.48,68.51,98.42,3.7,5.78,REAL_MARKET_TELEMETRY (NYMEX/ICE via Yahoo Finance)
2025-06-24,VLSFO,572.14,67.14,64.37,97.86,3.54,5.74,REAL_MARKET_TELEMETRY (NYMEX/ICE via Yahoo Finance)
2025-06-25,VLSFO,576.09,67.68,64.92,97.68,3.41,5.8,REAL_MARKET_TELEMETRY (NYMEX/ICE via Yahoo Finance)
2025-06-26,VLSFO,576.46,67.73,65.24,97.15,3.26,5.66,REAL_MARKET_TELEMETRY (NYMEX/ICE via Yahoo Finance)
2025-06-27,VLSFO,576.75,67.77,65.52,97.4,3.74,5.58,REAL_MARKET_TELEMETRY (NYMEX/ICE via Yahoo Finance)
2025-06-30,VLSFO,575.58,67.61,65.11,96.88,3.46,5.55,REAL_MARKET_TELEMETRY (NYMEX/ICE via Yahoo Finance)
2025-07-01,VLSFO,571.92,67.11,65.45,96.82,3.41,5.63,REAL_MARKET_TELEMETRY (NYMEX/ICE via Yahoo Finance)
2025-07-02,VLSFO,586.58,69.11,67.45,96.78,3.49,5.77,REAL_MARKET_TELEMETRY (NYMEX/ICE via Yahoo Finance)
2025-07-03,VLSFO,584.3,68.8,67.0,97.18,3.41,5.93,REAL_MARKET_TELEMETRY (NYMEX/ICE via Yahoo Finance)
2025-07-04,VLSFO,580.57,68.29,66.5,97.18,3.39,5.93,REAL_MARKET_TELEMETRY (NYMEX/ICE via Yahoo Finance)
2025-07-07,VLSFO,590.02,69.58,67.93,97.48,3.41,6.07,REAL_MARKET_TELEMETRY (NYMEX/ICE via Yahoo Finance)
2025-07-08,VLSFO,594.2,70.15,68.33,97.51,3.34,6.18,REAL_MARKET_TELEMETRY (NYMEX/ICE via Yahoo Finance)
2025-07-09,VLSFO,594.49,70.19,68.38,97.47,3.21,6.25,REAL_MARKET_TELEMETRY (NYMEX/ICE via Yahoo Finance)
2025-07-10,VLSFO,583.13,68.64,66.57,97.65,3.34,6.66,REAL_MARKET_TELEMETRY (NYMEX/ICE via Yahoo Finance)
2025-07-11,VLSFO,595.74,70.36,68.45,97.85,3.31,7.09,REAL_MARKET_TELEMETRY (NYMEX/ICE via Yahoo Finance)
2025-07-14,VLSFO,587.31,69.21,66.98,98.08,3.47,7.26,REAL_MARKET_TELEMETRY (NYMEX/ICE via Yahoo Finance)
2025-07-15,VLSFO,583.64,68.71,66.52,98.62,3.52,6.78,REAL_MARKET_TELEMETRY (NYMEX/ICE via Yahoo Finance)
2025-07-16,VLSFO,582.25,68.52,66.38,98.39,3.55,7.25,REAL_MARKET_TELEMETRY (NYMEX/ICE via Yahoo Finance)
2025-07-17,VLSFO,589.58,69.52,67.54,98.73,3.54,7.61,REAL_MARKET_TELEMETRY (NYMEX/ICE via Yahoo Finance)
2025-07-18,VLSFO,587.82,69.28,67.34,98.48,3.57,7.4,REAL_MARKET_TELEMETRY (NYMEX/ICE via Yahoo Finance)
2025-07-21,VLSFO,587.31,69.21,67.2,97.85,3.33,7.35,REAL_MARKET_TELEMETRY (NYMEX/ICE via Yahoo Finance)
2025-07-22,VLSFO,582.76,68.59,66.21,97.39,3.25,7.67,REAL_MARKET_TELEMETRY (NYMEX/ICE via Yahoo Finance)
2025-07-23,VLSFO,582.18,68.51,65.25,97.21,3.08,7.52,REAL_MARKET_TELEMETRY (NYMEX/ICE via Yahoo Finance)
2025-07-24,VLSFO,587.09,69.18,66.03,97.38,3.09,7.42,REAL_MARKET_TELEMETRY (NYMEX/ICE via Yahoo Finance)
2025-07-25,VLSFO,581.67,68.44,65.16,97.65,3.11,7.15,REAL_MARKET_TELEMETRY (NYMEX/ICE via Yahoo Finance)
2025-07-28,VLSFO,593.39,70.04,66.71,98.66,2.99,7.25,REAL_MARKET_TELEMETRY (NYMEX/ICE via Yahoo Finance)
2025-07-29,VLSFO,611.5,72.51,69.21,98.91,3.08,6.94,REAL_MARKET_TELEMETRY (NYMEX/ICE via Yahoo Finance)
2025-07-30,VLSFO,616.85,73.24,70.0,99.94,3.05,7.02,REAL_MARKET_TELEMETRY (NYMEX/ICE via Yahoo Finance)
2025-07-31,VLSFO,611.64,72.53,69.26,100.03,3.11,7.4,REAL_MARKET_TELEMETRY (NYMEX/ICE via Yahoo Finance)
2025-08-01,VLSFO,590.68,69.67,67.33,98.69,3.08,7.46,REAL_MARKET_TELEMETRY (NYMEX/ICE via Yahoo Finance)
2025-08-04,VLSFO,584.01,68.76,66.29,98.78,2.93,7.31,REAL_MARKET_TELEMETRY (NYMEX/ICE via Yahoo Finance)
2025-08-05,VLSFO,575.8,67.64,65.16,98.78,3.01,7.77,REAL_MARKET_TELEMETRY (NYMEX/ICE via Yahoo Finance)
2025-08-06,VLSFO,570.3,66.89,64.35,98.18,3.08,7.73,REAL_MARKET_TELEMETRY (NYMEX/ICE via Yahoo Finance)
2025-08-07,VLSFO,566.93,66.43,63.88,98.4,3.07,7.75,REAL_MARKET_TELEMETRY (NYMEX/ICE via Yahoo Finance)
2025-08-08,VLSFO,568.1,66.59,63.88,98.18,2.99,7.8,REAL_MARKET_TELEMETRY (NYMEX/ICE via Yahoo Finance)
2025-08-11,VLSFO,568.4,66.63,63.96,98.52,2.95,7.9,REAL_MARKET_TELEMETRY (NYMEX/ICE via Yahoo Finance)
2025-08-12,VLSFO,564.66,66.12,63.17,98.1,2.81,8.02,REAL_MARKET_TELEMETRY (NYMEX/ICE via Yahoo Finance)
2025-08-13,VLSFO,561.07,65.63,62.65,97.84,2.83,8.17,REAL_MARKET_TELEMETRY (NYMEX/ICE via Yahoo Finance)
2025-08-14,VLSFO,569.94,66.84,63.96,98.25,2.84,8.13,REAL_MARKET_TELEMETRY (NYMEX/ICE via Yahoo Finance)
2025-08-15,VLSFO,562.68,65.85,62.8,97.85,2.92,8.02,REAL_MARKET_TELEMETRY (NYMEX/ICE via Yahoo Finance)
2025-08-18,VLSFO,568.18,66.6,63.42,98.17,2.89,8.08,REAL_MARKET_TELEMETRY (NYMEX/ICE via Yahoo Finance)
2025-08-19,VLSFO,562.24,65.79,62.35,98.27,2.77,7.77,REAL_MARKET_TELEMETRY (NYMEX/ICE via Yahoo Finance)
2025-08-20,VLSFO,569.94,66.84,63.21,98.22,2.75,8.04,REAL_MARKET_TELEMETRY (NYMEX/ICE via Yahoo Finance)
2025-08-21,VLSFO,576.02,67.67,63.52,98.62,2.83,8.16,REAL_MARKET_TELEMETRY (NYMEX/ICE via Yahoo Finance)
2025-08-22,VLSFO,576.46,67.73,63.66,97.72,2.7,8.41,REAL_MARKET_TELEMETRY (NYMEX/ICE via Yahoo Finance)
2025-08-25,VLSFO,584.3,68.8,64.8,98.43,2.7,8.5,REAL_MARKET_TELEMETRY (NYMEX/ICE via Yahoo Finance)
2025-08-26,VLSFO,572.72,67.22,63.25,98.23,2.72,8.6,REAL_MARKET_TELEMETRY (NYMEX/ICE via Yahoo Finance)
2025-08-27,VLSFO,578.81,68.05,64.15,98.23,2.87,8.3,REAL_MARKET_TELEMETRY (NYMEX/ICE via Yahoo Finance)
2025-08-28,VLSFO,582.98,68.62,64.6,97.81,2.94,8.35,REAL_MARKET_TELEMETRY (NYMEX/ICE via Yahoo Finance)
2025-08-29,VLSFO,579.32,68.12,64.01,97.77,3.0,8.37,REAL_MARKET_TELEMETRY (NYMEX/ICE via Yahoo Finance)
2025-09-02,VLSFO,586.8,69.14,65.59,98.4,3.01,8.02,REAL_MARKET_TELEMETRY (NYMEX/ICE via Yahoo Finance)
2025-09-03,VLSFO,575.51,67.6,63.97,98.14,3.06,8.14,REAL_MARKET_TELEMETRY (NYMEX/ICE via Yahoo Finance)
2025-09-04,VLSFO,571.04,66.99,63.48,98.35,3.07,8.06,REAL_MARKET_TELEMETRY (NYMEX/ICE via Yahoo Finance)
2025-09-05,VLSFO,560.12,65.5,61.87,97.77,3.05,8.04,REAL_MARKET_TELEMETRY (NYMEX/ICE via Yahoo Finance)
2025-09-08,VLSFO,563.93,66.02,62.26,97.45,3.09,8.15,REAL_MARKET_TELEMETRY (NYMEX/ICE via Yahoo Finance)
2025-09-09,VLSFO,566.64,66.39,62.63,97.79,3.12,8.39,REAL_MARKET_TELEMETRY (NYMEX/ICE via Yahoo Finance)
2025-09-10,VLSFO,574.7,67.49,63.67,97.78,3.03,8.22,REAL_MARKET_TELEMETRY (NYMEX/ICE via Yahoo Finance)
2025-09-11,VLSFO,566.49,66.37,62.37,97.54,2.93,8.11,REAL_MARKET_TELEMETRY (NYMEX/ICE via Yahoo Finance)
2025-09-12,VLSFO,571.04,66.99,62.69,97.55,2.94,8.1,REAL_MARKET_TELEMETRY (NYMEX/ICE via Yahoo Finance)
2025-09-15,VLSFO,574.34,67.44,63.3,97.3,3.04,8.21,REAL_MARKET_TELEMETRY (NYMEX/ICE via Yahoo Finance)
2025-09-16,VLSFO,581.89,68.47,64.52,96.63,3.1,8.04,REAL_MARKET_TELEMETRY (NYMEX/ICE via Yahoo Finance)
2025-09-17,VLSFO,578.07,67.95,64.05,96.87,3.1,8.14,REAL_MARKET_TELEMETRY (NYMEX/ICE via Yahoo Finance)
2025-09-18,VLSFO,574.34,67.44,63.57,97.35,2.94,8.2,REAL_MARKET_TELEMETRY (NYMEX/ICE via Yahoo Finance)
2025-09-19,VLSFO,568.76,66.68,62.68,97.64,2.89,8.16,REAL_MARKET_TELEMETRY (NYMEX/ICE via Yahoo Finance)
2025-09-22,VLSFO,567.96,66.57,62.64,97.33,2.81,8.06,REAL_MARKET_TELEMETRY (NYMEX/ICE via Yahoo Finance)
2025-09-23,VLSFO,575.73,67.63,63.41,97.26,2.85,8.25,REAL_MARKET_TELEMETRY (NYMEX/ICE via Yahoo Finance)
2025-09-24,VLSFO,588.04,69.31,64.99,97.87,2.86,8.38,REAL_MARKET_TELEMETRY (NYMEX/ICE via Yahoo Finance)
2025-09-25,VLSFO,588.85,69.42,64.98,98.55,2.9,8.2,REAL_MARKET_TELEMETRY (NYMEX/ICE via Yahoo Finance)
2025-09-26,VLSFO,594.05,70.13,65.72,98.15,2.84,8.05,REAL_MARKET_TELEMETRY (NYMEX/ICE via Yahoo Finance)
2025-09-29,VLSFO,578.22,67.97,63.45,97.91,3.27,7.77,REAL_MARKET_TELEMETRY (NYMEX/ICE via Yahoo Finance)
2025-09-30,VLSFO,571.26,67.02,62.37,97.77,3.3,7.51,REAL_MARKET_TELEMETRY (NYMEX/ICE via Yahoo Finance)
2025-10-01,VLSFO,559.02,65.35,61.78,97.71,3.48,7.58,REAL_MARKET_TELEMETRY (NYMEX/ICE via Yahoo Finance)
2025-10-02,VLSFO,549.93,64.11,60.48,97.85,3.44,7.78,REAL_MARKET_TELEMETRY (NYMEX/ICE via Yahoo Finance)
2025-10-03,VLSFO,553.0,64.53,60.88,97.72,3.32,7.72,REAL_MARKET_TELEMETRY (NYMEX/ICE via Yahoo Finance)
2025-10-06,VLSFO,559.9,65.47,61.69,98.11,3.36,7.87,REAL_MARKET_TELEMETRY (NYMEX/ICE via Yahoo Finance)
2025-10-07,VLSFO,559.75,65.45,61.73,98.58,3.5,8.0,REAL_MARKET_TELEMETRY (NYMEX/ICE via Yahoo Finance)
2025-10-08,VLSFO,565.61,66.25,62.55,98.85,3.33,7.6,REAL_MARKET_TELEMETRY (NYMEX/ICE via Yahoo Finance)
2025-10-09,VLSFO,558.06,65.22,61.51,99.54,3.27,7.7,REAL_MARKET_TELEMETRY (NYMEX/ICE via Yahoo Finance)
2025-10-10,VLSFO,539.81,62.73,58.9,98.98,3.11,8.18,REAL_MARKET_TELEMETRY (NYMEX/ICE via Yahoo Finance)
2025-10-13,VLSFO,544.14,63.32,59.49,99.27,3.12,8.64,REAL_MARKET_TELEMETRY (NYMEX/ICE via Yahoo Finance)
2025-10-14,VLSFO,537.32,62.39,58.7,99.05,3.03,8.2,REAL_MARKET_TELEMETRY (NYMEX/ICE via Yahoo Finance)
2025-10-15,VLSFO,533.8,61.91,58.27,98.79,3.02,8.52,REAL_MARKET_TELEMETRY (NYMEX/ICE via Yahoo Finance)
2025-10-16,VLSFO,527.57,61.06,57.46,98.39,2.94,8.33,REAL_MARKET_TELEMETRY (NYMEX/ICE via Yahoo Finance)
2025-10-17,VLSFO,529.26,61.29,57.54,98.43,3.01,8.16,REAL_MARKET_TELEMETRY (NYMEX/ICE via Yahoo Finance)
2025-10-20,VLSFO,527.2,61.01,57.52,98.59,3.4,8.24,REAL_MARKET_TELEMETRY (NYMEX/ICE via Yahoo Finance)
2025-10-21,VLSFO,529.48,61.32,57.82,98.93,3.47,8.38,REAL_MARKET_TELEMETRY (NYMEX/ICE via Yahoo Finance)
2025-10-22,VLSFO,538.78,62.59,58.5,98.9,3.45,8.23,REAL_MARKET_TELEMETRY (NYMEX/ICE via Yahoo Finance)
2025-10-23,VLSFO,563.71,65.99,61.79,98.94,3.34,7.82,REAL_MARKET_TELEMETRY (NYMEX/ICE via Yahoo Finance)
2025-10-24,VLSFO,563.34,65.94,61.5,98.95,3.3,7.85,REAL_MARKET_TELEMETRY (NYMEX/ICE via Yahoo Finance)
2025-10-27,VLSFO,560.99,65.62,61.31,98.78,3.44,7.97,REAL_MARKET_TELEMETRY (NYMEX/ICE via Yahoo Finance)
2025-10-28,VLSFO,552.05,64.4,60.15,98.69,3.35,7.95,REAL_MARKET_TELEMETRY (NYMEX/ICE via Yahoo Finance)
2025-10-29,VLSFO,555.86,64.92,60.48,99.22,3.38,8.2,REAL_MARKET_TELEMETRY (NYMEX/ICE via Yahoo Finance)
2025-10-30,VLSFO,556.45,65.0,60.57,99.53,3.96,8.25,REAL_MARKET_TELEMETRY (NYMEX/ICE via Yahoo Finance)
2025-10-31,VLSFO,556.96,65.07,60.98,99.8,4.12,8.1,REAL_MARKET_TELEMETRY (NYMEX/ICE via Yahoo Finance)
2025-11-03,VLSFO,555.64,64.89,61.05,99.87,4.27,7.92,REAL_MARKET_TELEMETRY (NYMEX/ICE via Yahoo Finance)
2025-11-04,VLSFO,552.35,64.44,60.56,100.22,4.34,8.18,REAL_MARKET_TELEMETRY (NYMEX/ICE via Yahoo Finance)
2025-11-05,VLSFO,545.6,63.52,59.6,100.2,4.23,8.3,REAL_MARKET_TELEMETRY (NYMEX/ICE via Yahoo Finance)
2025-11-06,VLSFO,544.58,63.38,59.43,99.73,4.36,8.5,REAL_MARKET_TELEMETRY (NYMEX/ICE via Yahoo Finance)
2025-11-07,VLSFO,546.41,63.63,59.75,99.6,4.32,8.35,REAL_MARKET_TELEMETRY (NYMEX/ICE via Yahoo Finance)
2025-11-10,VLSFO,549.56,64.06,60.13,99.62,4.34,8.37,REAL_MARKET_TELEMETRY (NYMEX/ICE via Yahoo Finance)
2025-11-11,VLSFO,557.62,65.16,61.04,99.46,4.57,8.42,REAL_MARKET_TELEMETRY (NYMEX/ICE via Yahoo Finance)
2025-11-12,VLSFO,539.66,62.71,58.49,99.48,4.53,8.48,REAL_MARKET_TELEMETRY (NYMEX/ICE via Yahoo Finance)
2025-11-13,VLSFO,541.86,63.01,58.69,99.18,4.65,8.7,REAL_MARKET_TELEMETRY (NYMEX/ICE via Yahoo Finance)
2025-11-14,VLSFO,551.98,64.39,60.09,99.27,4.57,8.6,REAL_MARKET_TELEMETRY (NYMEX/ICE via Yahoo Finance)
2025-11-17,VLSFO,550.59,64.2,59.91,99.59,4.36,8.8,REAL_MARKET_TELEMETRY (NYMEX/ICE via Yahoo Finance)
2025-11-18,VLSFO,555.64,64.89,60.74,99.55,4.37,8.99,REAL_MARKET_TELEMETRY (NYMEX/ICE via Yahoo Finance)
2025-11-19,VLSFO,545.53,63.51,59.44,100.23,4.55,8.9,REAL_MARKET_TELEMETRY (NYMEX/ICE via Yahoo Finance)
2025-11-20,VLSFO,544.58,63.38,59.14,100.16,4.47,8.92,REAL_MARKET_TELEMETRY (NYMEX/ICE via Yahoo Finance)
2025-11-21,VLSFO,538.56,62.56,58.06,100.18,4.58,8.95,REAL_MARKET_TELEMETRY (NYMEX/ICE via Yahoo Finance)
2025-11-24,VLSFO,544.5,63.37,58.84,100.14,4.55,9.19,REAL_MARKET_TELEMETRY (NYMEX/ICE via Yahoo Finance)
2025-11-25,VLSFO,537.98,62.48,57.95,99.66,4.42,9.23,REAL_MARKET_TELEMETRY (NYMEX/ICE via Yahoo Finance)
2025-11-26,VLSFO,542.74,63.13,58.65,99.6,4.56,9.2,REAL_MARKET_TELEMETRY (NYMEX/ICE via Yahoo Finance)
2025-11-28,VLSFO,543.26,63.2,58.55,99.46,4.85,8.77,REAL_MARKET_TELEMETRY (NYMEX/ICE via Yahoo Finance)
2025-12-01,VLSFO,543.04,63.17,59.32,99.41,4.92,9.34,REAL_MARKET_TELEMETRY (NYMEX/ICE via Yahoo Finance)
2025-12-02,VLSFO,537.76,62.45,58.64,99.36,4.84,9.25,REAL_MARKET_TELEMETRY (NYMEX/ICE via Yahoo Finance)
2025-12-03,VLSFO,539.37,62.67,58.95,98.85,4.99,9.3,REAL_MARKET_TELEMETRY (NYMEX/ICE via Yahoo Finance)
2025-12-04,VLSFO,543.7,63.26,59.67,98.99,5.06,9.27,REAL_MARKET_TELEMETRY (NYMEX/ICE via Yahoo Finance)
2025-12-05,VLSFO,547.29,63.75,60.08,98.99,5.29,9.0,REAL_MARKET_TELEMETRY (NYMEX/ICE via Yahoo Finance)
2025-12-08,VLSFO,538.05,62.49,58.88,99.09,4.91,9.25,REAL_MARKET_TELEMETRY (NYMEX/ICE via Yahoo Finance)
2025-12-09,VLSFO,534.02,61.94,58.25,99.22,4.57,8.83,REAL_MARKET_TELEMETRY (NYMEX/ICE via Yahoo Finance)
2025-12-10,VLSFO,536.0,62.21,58.46,98.79,4.59,9.01,REAL_MARKET_TELEMETRY (NYMEX/ICE via Yahoo Finance)
2025-12-11,VLSFO,529.18,61.28,57.6,98.35,4.23,8.84,REAL_MARKET_TELEMETRY (NYMEX/ICE via Yahoo Finance)
2025-12-12,VLSFO,528.01,61.12,57.44,98.4,4.11,8.68,REAL_MARKET_TELEMETRY (NYMEX/ICE via Yahoo Finance)
2025-12-15,VLSFO,523.9,60.56,56.82,98.15,4.01,8.92,REAL_MARKET_TELEMETRY (NYMEX/ICE via Yahoo Finance)
2025-12-16,VLSFO,511.88,58.92,55.27,98.15,3.89,8.77,REAL_MARKET_TELEMETRY (NYMEX/ICE via Yahoo Finance)
2025-12-17,VLSFO,517.45,59.68,55.94,98.37,4.02,8.42,REAL_MARKET_TELEMETRY (NYMEX/ICE via Yahoo Finance)
2025-12-18,VLSFO,518.48,59.82,56.15,98.43,3.91,8.66,REAL_MARKET_TELEMETRY (NYMEX/ICE via Yahoo Finance)
2025-12-19,VLSFO,523.25,60.47,56.66,98.6,3.98,8.7,REAL_MARKET_TELEMETRY (NYMEX/ICE via Yahoo Finance)
2025-12-22,VLSFO,534.97,62.07,58.01,98.29,3.96,8.88,REAL_MARKET_TELEMETRY (NYMEX/ICE via Yahoo Finance)
2025-12-23,VLSFO,537.25,62.38,58.38,97.94,4.41,8.74,REAL_MARKET_TELEMETRY (NYMEX/ICE via Yahoo Finance)
2025-12-24,VLSFO,536.22,62.24,58.35,97.98,4.24,8.77,REAL_MARKET_TELEMETRY (NYMEX/ICE via Yahoo Finance)
2025-12-26,VLSFO,524.49,60.64,56.74,98.02,4.37,8.75,REAL_MARKET_TELEMETRY (NYMEX/ICE via Yahoo Finance)
2025-12-29,VLSFO,534.02,61.94,58.08,98.04,4.69,8.74,REAL_MARKET_TELEMETRY (NYMEX/ICE via Yahoo Finance)
2025-12-30,VLSFO,533.87,61.92,57.95,98.24,3.97,8.68,REAL_MARKET_TELEMETRY (NYMEX/ICE via Yahoo Finance)
2025-12-31,VLSFO,526.03,60.85,57.42,98.28,3.69,8.77,REAL_MARKET_TELEMETRY (NYMEX/ICE via Yahoo Finance)
2026-01-02,VLSFO,525.3,60.75,57.32,98.42,3.62,8.46,REAL_MARKET_TELEMETRY (NYMEX/ICE via Yahoo Finance)
2026-01-05,VLSFO,532.7,61.76,58.32,98.27,3.52,8.72,REAL_MARKET_TELEMETRY (NYMEX/ICE via Yahoo Finance)
2026-01-06,VLSFO,524.93,60.7,57.13,98.58,3.35,8.81,REAL_MARKET_TELEMETRY (NYMEX/ICE via Yahoo Finance)
2026-01-07,VLSFO,519.51,59.96,55.99,98.68,3.53,8.79,REAL_MARKET_TELEMETRY (NYMEX/ICE via Yahoo Finance)
2026-01-08,VLSFO,534.39,61.99,57.76,98.93,3.41,9.14,REAL_MARKET_TELEMETRY (NYMEX/ICE via Yahoo Finance)
2026-01-09,VLSFO,544.28,63.34,59.12,99.13,3.17,8.85,REAL_MARKET_TELEMETRY (NYMEX/ICE via Yahoo Finance)
2026-01-12,VLSFO,548.17,63.87,59.5,98.86,3.41,8.73,REAL_MARKET_TELEMETRY (NYMEX/ICE via Yahoo Finance)
2026-01-13,VLSFO,559.9,65.47,61.15,99.13,3.42,8.72,REAL_MARKET_TELEMETRY (NYMEX/ICE via Yahoo Finance)
2026-01-14,VLSFO,567.59,66.52,62.02,99.13,3.12,9.04,REAL_MARKET_TELEMETRY (NYMEX/ICE via Yahoo Finance)
2026-01-15,VLSFO,547.36,63.76,59.19,99.32,3.13,9.48,REAL_MARKET_TELEMETRY (NYMEX/ICE via Yahoo Finance)
2026-01-16,VLSFO,550.07,64.13,59.44,99.39,3.1,9.8,REAL_MARKET_TELEMETRY (NYMEX/ICE via Yahoo Finance)
2026-01-20,VLSFO,555.86,64.92,60.34,98.64,3.91,10.24,REAL_MARKET_TELEMETRY (NYMEX/ICE via Yahoo Finance)
2026-01-21,VLSFO,558.21,65.24,60.62,98.76,4.88,10.07,REAL_MARKET_TELEMETRY (NYMEX/ICE via Yahoo Finance)
2026-01-22,VLSFO,549.56,64.06,59.36,98.36,5.05,10.0,REAL_MARKET_TELEMETRY (NYMEX/ICE via Yahoo Finance)
2026-01-23,VLSFO,562.9,65.88,61.07,97.6,5.28,10.36,REAL_MARKET_TELEMETRY (NYMEX/ICE via Yahoo Finance)
2026-01-26,VLSFO,560.77,65.59,60.63,97.04,6.8,10.98,REAL_MARKET_TELEMETRY (NYMEX/ICE via Yahoo Finance)
2026-01-27,VLSFO,575.29,67.57,62.39,96.22,6.95,11.26,REAL_MARKET_TELEMETRY (NYMEX/ICE via Yahoo Finance)
2026-01-28,VLSFO,581.37,68.4,63.21,96.45,7.46,11.01,REAL_MARKET_TELEMETRY (NYMEX/ICE via Yahoo Finance)
2026-01-29,VLSFO,598.3,70.71,65.42,96.28,3.92,11.48,REAL_MARKET_TELEMETRY (NYMEX/ICE via Yahoo Finance)
2026-01-30,VLSFO,598.16,70.69,65.21,96.99,4.35,11.53,REAL_MARKET_TELEMETRY (NYMEX/ICE via Yahoo Finance)
2026-02-02,VLSFO,565.98,66.3,62.14,97.61,3.24,11.2,REAL_MARKET_TELEMETRY (NYMEX/ICE via Yahoo Finance)
2026-02-03,VLSFO,573.53,67.33,63.21,97.44,3.31,10.55,REAL_MARKET_TELEMETRY (NYMEX/ICE via Yahoo Finance)
2026-02-04,VLSFO,589.14,69.46,65.14,97.62,3.46,10.85,REAL_MARKET_TELEMETRY (NYMEX/ICE via Yahoo Finance)
2026-02-05,VLSFO,575.14,67.55,63.29,97.82,3.51,10.71,REAL_MARKET_TELEMETRY (NYMEX/ICE via Yahoo Finance)
2026-02-06,VLSFO,578.81,68.05,63.55,97.63,3.42,10.65,REAL_MARKET_TELEMETRY (NYMEX/ICE via Yahoo Finance)
2026-02-09,VLSFO,586.06,69.04,64.36,96.82,3.14,10.95,REAL_MARKET_TELEMETRY (NYMEX/ICE via Yahoo Finance)
2026-02-10,VLSFO,584.3,68.8,63.96,96.8,3.12,11.18,REAL_MARKET_TELEMETRY (NYMEX/ICE via Yahoo Finance)
2026-02-11,VLSFO,588.7,69.4,64.63,96.83,3.16,11.44,REAL_MARKET_TELEMETRY (NYMEX/ICE via Yahoo Finance)
2026-02-12,VLSFO,574.92,67.52,62.84,96.93,3.22,11.3,REAL_MARKET_TELEMETRY (NYMEX/ICE via Yahoo Finance)
2026-02-13,VLSFO,576.61,67.75,62.89,96.88,3.24,11.49,REAL_MARKET_TELEMETRY (NYMEX/ICE via Yahoo Finance)
2026-02-17,VLSFO,574.19,67.42,62.33,97.16,3.03,11.68,REAL_MARKET_TELEMETRY (NYMEX/ICE via Yahoo Finance)
2026-02-18,VLSFO,595.67,70.35,65.19,97.7,3.01,11.76,REAL_MARKET_TELEMETRY (NYMEX/ICE via Yahoo Finance)
2026-02-19,VLSFO,605.27,71.66,66.43,97.93,3.0,11.66,REAL_MARKET_TELEMETRY (NYMEX/ICE via Yahoo Finance)
2026-02-20,VLSFO,606.0,71.76,66.39,97.8,3.05,11.73,REAL_MARKET_TELEMETRY (NYMEX/ICE via Yahoo Finance)
2026-02-23,VLSFO,604.02,71.49,66.31,97.7,2.98,11.77,REAL_MARKET_TELEMETRY (NYMEX/ICE via Yahoo Finance)
2026-02-24,VLSFO,598.74,70.77,65.63,97.88,2.91,11.87,REAL_MARKET_TELEMETRY (NYMEX/ICE via Yahoo Finance)
2026-02-25,VLSFO,599.33,70.85,65.42,97.7,2.97,11.68,REAL_MARKET_TELEMETRY (NYMEX/ICE via Yahoo Finance)
2026-02-26,VLSFO,598.6,70.75,65.21,97.79,2.83,11.91,REAL_MARKET_TELEMETRY (NYMEX/ICE via Yahoo Finance)
2026-02-27,VLSFO,611.28,72.48,67.02,97.61,2.86,12.07,REAL_MARKET_TELEMETRY (NYMEX/ICE via Yahoo Finance)
2026-03-02,VLSFO,649.83,77.74,71.23,98.38,2.96,12.22,REAL_MARKET_TELEMETRY (NYMEX/ICE via Yahoo Finance)
2026-03-03,VLSFO,676.66,81.4,74.56,99.05,3.05,12.5,REAL_MARKET_TELEMETRY (NYMEX/ICE via Yahoo Finance)
2026-03-04,VLSFO,676.66,81.4,74.66,98.77,2.92,11.91,REAL_MARKET_TELEMETRY (NYMEX/ICE via Yahoo Finance)
2026-03-05,VLSFO,706.06,85.41,81.01,99.32,3.0,11.52,REAL_MARKET_TELEMETRY (NYMEX/ICE via Yahoo Finance)
2026-03-06,VLSFO,759.42,92.69,90.9,98.99,3.19,10.46,REAL_MARKET_TELEMETRY (NYMEX/ICE via Yahoo Finance)
2026-03-09,VLSFO,805.38,98.96,94.77,99.18,3.12,10.26,REAL_MARKET_TELEMETRY (NYMEX/ICE via Yahoo Finance)
2026-03-10,VLSFO,723.57,87.8,83.45,98.83,3.02,10.23,REAL_MARKET_TELEMETRY (NYMEX/ICE via Yahoo Finance)
2026-03-11,VLSFO,754.21,91.98,87.25,99.23,3.21,10.7,REAL_MARKET_TELEMETRY (NYMEX/ICE via Yahoo Finance)
2026-03-12,VLSFO,816.37,100.46,95.73,99.74,3.23,10.4,REAL_MARKET_TELEMETRY (NYMEX/ICE via Yahoo Finance)
2026-03-13,VLSFO,836.02,103.14,98.71,100.36,3.13,10.49,REAL_MARKET_TELEMETRY (NYMEX/ICE via Yahoo Finance)
2026-03-16,VLSFO,814.54,100.21,93.5,99.71,3.02,10.67,REAL_MARKET_TELEMETRY (NYMEX/ICE via Yahoo Finance)
2026-03-17,VLSFO,838.07,103.42,96.21,99.58,3.03,10.43,REAL_MARKET_TELEMETRY (NYMEX/ICE via Yahoo Finance)
2026-03-18,VLSFO,867.1,107.38,96.32,100.09,3.07,10.7,REAL_MARKET_TELEMETRY (NYMEX/ICE via Yahoo Finance)
2026-03-19,VLSFO,876.4,108.65,96.14,99.23,3.17,10.02,REAL_MARKET_TELEMETRY (NYMEX/ICE via Yahoo Finance)
2026-03-20,VLSFO,902.35,112.19,98.32,99.65,3.1,10.01,REAL_MARKET_TELEMETRY (NYMEX/ICE via Yahoo Finance)
2026-03-23,VLSFO,812.56,99.94,88.13,98.95,2.89,9.99,REAL_MARKET_TELEMETRY (NYMEX/ICE via Yahoo Finance)
2026-03-24,VLSFO,845.91,104.49,92.35,99.43,2.94,9.8,REAL_MARKET_TELEMETRY (NYMEX/ICE via Yahoo Finance)
2026-03-25,VLSFO,829.27,102.22,90.32,99.6,2.95,10.0,REAL_MARKET_TELEMETRY (NYMEX/ICE via Yahoo Finance)
2026-03-26,VLSFO,871.71,108.01,94.48,99.9,3.0,10.0,REAL_MARKET_TELEMETRY (NYMEX/ICE via Yahoo Finance)
2026-03-27,VLSFO,905.14,112.57,99.64,100.15,3.1,9.93,REAL_MARKET_TELEMETRY (NYMEX/ICE via Yahoo Finance)
2026-03-30,VLSFO,906.68,112.78,102.88,100.51,2.89,9.94,REAL_MARKET_TELEMETRY (NYMEX/ICE via Yahoo Finance)
2026-03-31,VLSFO,947.51,118.35,101.38,99.96,2.88,9.97,REAL_MARKET_TELEMETRY (NYMEX/ICE via Yahoo Finance)
2026-04-01,VLSFO,821.5,101.16,100.12,99.65,2.82,10.32,REAL_MARKET_TELEMETRY (NYMEX/ICE via Yahoo Finance)
2026-04-02,VLSFO,879.19,109.03,111.54,100.03,2.8,10.45,REAL_MARKET_TELEMETRY (NYMEX/ICE via Yahoo Finance)
2026-04-06,VLSFO,884.61,109.77,112.41,99.98,2.81,9.94,REAL_MARKET_TELEMETRY (NYMEX/ICE via Yahoo Finance)
2026-04-07,VLSFO,880.95,109.27,112.95,99.64,2.87,10.44,REAL_MARKET_TELEMETRY (NYMEX/ICE via Yahoo Finance)
2026-04-08,VLSFO,774.52,94.75,94.41,99.13,2.72,10.6,REAL_MARKET_TELEMETRY (NYMEX/ICE via Yahoo Finance)
2026-04-09,VLSFO,783.09,95.92,97.87,98.82,2.67,10.3,REAL_MARKET_TELEMETRY (NYMEX/ICE via Yahoo Finance)
2026-04-10,VLSFO,777.82,95.2,96.57,98.65,2.65,10.7,REAL_MARKET_TELEMETRY (NYMEX/ICE via Yahoo Finance)
2026-04-13,VLSFO,808.31,99.36,99.08,98.37,2.63,11.06,REAL_MARKET_TELEMETRY (NYMEX/ICE via Yahoo Finance)
2026-04-14,VLSFO,774.81,94.79,91.28,98.12,2.6,11.42,REAL_MARKET_TELEMETRY (NYMEX/ICE via Yahoo Finance)
2026-04-15,VLSFO,775.84,94.93,91.29,98.06,2.61,11.4,REAL_MARKET_TELEMETRY (NYMEX/ICE via Yahoo Finance)
2026-04-16,VLSFO,808.53,99.39,94.69,98.22,2.65,11.13,REAL_MARKET_TELEMETRY (NYMEX/ICE via Yahoo Finance)
2026-04-17,VLSFO,742.49,90.38,83.85,98.1,2.67,11.44,REAL_MARKET_TELEMETRY (NYMEX/ICE via Yahoo Finance)
2026-04-20,VLSFO,779.87,95.48,89.61,98.05,2.69,11.3,REAL_MARKET_TELEMETRY (NYMEX/ICE via Yahoo Finance)
2026-04-21,VLSFO,801.86,98.48,92.13,98.41,2.7,11.35,REAL_MARKET_TELEMETRY (NYMEX/ICE via Yahoo Finance)
2026-04-22,VLSFO,827.0,101.91,92.96,98.59,2.72,11.4,REAL_MARKET_TELEMETRY (NYMEX/ICE via Yahoo Finance)
2026-04-23,VLSFO,850.16,105.07,95.85,98.8,2.61,11.34,REAL_MARKET_TELEMETRY (NYMEX/ICE via Yahoo Finance)
2026-04-24,VLSFO,852.07,105.33,94.4,98.51,2.52,10.9,REAL_MARKET_TELEMETRY (NYMEX/ICE via Yahoo Finance)
2026-04-27,VLSFO,873.33,108.23,96.37,98.48,2.55,11.27,REAL_MARKET_TELEMETRY (NYMEX/ICE via Yahoo Finance)
2026-04-28,VLSFO,895.54,111.26,99.93,98.62,2.56,11.45,REAL_MARKET_TELEMETRY (NYMEX/ICE via Yahoo Finance)
2026-04-29,VLSFO,945.16,118.03,106.88,98.92,2.65,11.85,REAL_MARKET_TELEMETRY (NYMEX/ICE via Yahoo Finance)
2026-04-30,VLSFO,915.69,114.01,105.07,98.08,2.77,11.72,REAL_MARKET_TELEMETRY (NYMEX/ICE via Yahoo Finance)
2026-05-01,VLSFO,872.89,108.17,101.94,98.21,2.78,11.73,REAL_MARKET_TELEMETRY (NYMEX/ICE via Yahoo Finance)
2026-05-04,VLSFO,918.85,114.44,106.42,98.47,2.87,11.79,REAL_MARKET_TELEMETRY (NYMEX/ICE via Yahoo Finance)
2026-05-05,VLSFO,885.35,109.87,102.27,98.48,2.79,12.18,REAL_MARKET_TELEMETRY (NYMEX/ICE via Yahoo Finance)
2026-05-06,VLSFO,822.31,101.27,95.08,98.02,2.73,12.11,REAL_MARKET_TELEMETRY (NYMEX/ICE via Yahoo Finance)
2026-05-07,VLSFO,813.44,100.06,94.81,98.25,2.77,12.1,REAL_MARKET_TELEMETRY (NYMEX/ICE via Yahoo Finance)
2026-05-08,VLSFO,822.46,101.29,95.42,97.84,2.76,12.11,REAL_MARKET_TELEMETRY (NYMEX/ICE via Yahoo Finance)
2026-05-11,VLSFO,843.86,104.21,98.07,97.94,2.91,12.65,REAL_MARKET_TELEMETRY (NYMEX/ICE via Yahoo Finance)
2026-05-12,VLSFO,869.95,107.77,102.18,98.29,2.84,13.29,REAL_MARKET_TELEMETRY (NYMEX/ICE via Yahoo Finance)
2026-05-13,VLSFO,854.27,105.63,101.02,98.48,2.86,13.33,REAL_MARKET_TELEMETRY (NYMEX/ICE via Yahoo Finance)
2026-05-14,VLSFO,854.93,105.72,101.17,98.88,2.89,12.95,REAL_MARKET_TELEMETRY (NYMEX/ICE via Yahoo Finance)
2026-05-15,VLSFO,880.88,109.26,105.42,99.27,2.96,13.18,REAL_MARKET_TELEMETRY (NYMEX/ICE via Yahoo Finance)
2026-05-18,VLSFO,901.69,112.1,108.66,98.97,3.02,12.85,REAL_MARKET_TELEMETRY (NYMEX/ICE via Yahoo Finance)
2026-05-19,VLSFO,895.68,111.28,107.77,99.3,3.11,12.65,REAL_MARKET_TELEMETRY (NYMEX/ICE via Yahoo Finance)
2026-05-20,VLSFO,849.8,105.02,98.26,99.11,3.0,12.11,REAL_MARKET_TELEMETRY (NYMEX/ICE via Yahoo Finance)
2026-05-21,VLSFO,831.91,102.58,96.35,99.19,3.02,12.5,REAL_MARKET_TELEMETRY (NYMEX/ICE via Yahoo Finance)
2026-05-22,VLSFO,838.95,103.54,96.6,99.32,2.91,12.68,REAL_MARKET_TELEMETRY (NYMEX/ICE via Yahoo Finance)
2026-05-26,VLSFO,809.92,99.58,93.89,99.17,2.89,12.88,REAL_MARKET_TELEMETRY (NYMEX/ICE via Yahoo Finance)
2026-05-27,VLSFO,771.15,94.29,88.68,99.21,3.04,12.88,REAL_MARKET_TELEMETRY (NYMEX/ICE via Yahoo Finance)
2026-05-28,VLSFO,766.89,93.71,88.9,99.02,3.29,13.15,REAL_MARKET_TELEMETRY (NYMEX/ICE via Yahoo Finance)
2026-05-29,VLSFO,754.73,92.05,87.36,98.91,3.29,12.94,REAL_MARKET_TELEMETRY (NYMEX/ICE via Yahoo Finance)
2026-06-01,VLSFO,776.2,94.98,92.16,99.2,3.18,13.03,REAL_MARKET_TELEMETRY (NYMEX/ICE via Yahoo Finance)
2026-06-02,VLSFO,783.68,96.0,93.76,99.22,3.17,12.94,REAL_MARKET_TELEMETRY (NYMEX/ICE via Yahoo Finance)
2026-06-03,VLSFO,796.95,97.81,96.02,99.53,3.21,12.62,REAL_MARKET_TELEMETRY (NYMEX/ICE via Yahoo Finance)
2026-06-04,VLSFO,776.57,95.03,93.04,99.41,3.34,12.66,REAL_MARKET_TELEMETRY (NYMEX/ICE via Yahoo Finance)
2026-06-05,VLSFO,762.35,93.09,90.54,100.07,3.23,12.7,REAL_MARKET_TELEMETRY (NYMEX/ICE via Yahoo Finance)
2026-06-08,VLSFO,770.85,94.25,91.3,100.05,3.15,12.37,REAL_MARKET_TELEMETRY (NYMEX/ICE via Yahoo Finance)
2026-06-09,VLSFO,750.33,91.45,88.2,99.91,3.14,12.37,REAL_MARKET_TELEMETRY (NYMEX/ICE via Yahoo Finance)
2026-06-10,VLSFO,762.42,93.1,90.03,99.95,3.18,12.5,REAL_MARKET_TELEMETRY (NYMEX/ICE via Yahoo Finance)
2026-06-11,VLSFO,742.49,90.38,87.71,99.86,3.09,12.52,REAL_MARKET_TELEMETRY (NYMEX/ICE via Yahoo Finance)
2026-06-12,VLSFO,720.13,87.33,84.88,99.75,3.12,12.32,REAL_MARKET_TELEMETRY (NYMEX/ICE via Yahoo Finance)
2026-06-15,VLSFO,689.64,83.17,80.75,99.63,3.15,11.99,REAL_MARKET_TELEMETRY (NYMEX/ICE via Yahoo Finance)
2026-06-16,VLSFO,658.78,78.96,76.05,99.54,3.24,12.13,REAL_MARKET_TELEMETRY (NYMEX/ICE via Yahoo Finance)
2026-06-17,VLSFO,663.1,79.55,76.79,100.09,3.14,11.88,REAL_MARKET_TELEMETRY (NYMEX/ICE via Yahoo Finance)
2026-06-18,VLSFO,665.3,79.85,76.6,100.85,3.23,11.57,REAL_MARKET_TELEMETRY (NYMEX/ICE via Yahoo Finance)
2026-06-22,VLSFO,651.01,77.9,74.82,101.02,3.25,11.58,REAL_MARKET_TELEMETRY (NYMEX/ICE via Yahoo Finance)
2026-06-23,VLSFO,645.0,77.08,73.21,101.41,3.15,11.77,REAL_MARKET_TELEMETRY (NYMEX/ICE via Yahoo Finance)
2026-06-24,VLSFO,620.51,73.74,70.34,101.61,3.22,11.7,REAL_MARKET_TELEMETRY (NYMEX/ICE via Yahoo Finance)
2026-06-25,VLSFO,631.66,75.26,71.92,101.43,3.34,11.4,REAL_MARKET_TELEMETRY (NYMEX/ICE via Yahoo Finance)
2026-06-26,VLSFO,607.69,71.99,69.23,101.36,3.23,11.27,REAL_MARKET_TELEMETRY (NYMEX/ICE via Yahoo Finance)
2026-06-29,VLSFO,616.19,73.15,70.75,101.11,3.18,11.63,REAL_MARKET_TELEMETRY (NYMEX/ICE via Yahoo Finance)
2026-06-30,VLSFO,614.5,72.92,69.5,101.19,3.28,11.87,REAL_MARKET_TELEMETRY (NYMEX/ICE via Yahoo Finance)
2026-07-01,VLSFO,604.61,71.57,68.58,101.39,3.22,12.05,REAL_MARKET_TELEMETRY (NYMEX/ICE via Yahoo Finance)
2026-07-02,VLSFO,606.29,71.8,68.69,100.86,3.2,12.27,REAL_MARKET_TELEMETRY (NYMEX/ICE via Yahoo Finance)
2026-07-06,VLSFO,607.69,71.99,68.55,100.85,3.24,12.96,REAL_MARKET_TELEMETRY (NYMEX/ICE via Yahoo Finance)
2026-07-07,VLSFO,623.59,74.16,70.44,101.14,3.27,12.76,REAL_MARKET_TELEMETRY (NYMEX/ICE via Yahoo Finance)
2026-07-08,VLSFO,651.89,78.02,73.52,101.05,3.21,12.84,REAL_MARKET_TELEMETRY (NYMEX/ICE via Yahoo Finance)
2026-07-09,VLSFO,639.28,76.3,72.08,100.94,3.01,12.95,REAL_MARKET_TELEMETRY (NYMEX/ICE via Yahoo Finance)
2026-07-10,VLSFO,637.15,76.01,71.41,100.97,2.94,12.89,REAL_MARKET_TELEMETRY (NYMEX/ICE via Yahoo Finance)
2026-07-13,VLSFO,690.59,83.3,78.14,101.28,2.9,13.33,REAL_MARKET_TELEMETRY (NYMEX/ICE via Yahoo Finance)
2026-07-14,VLSFO,701.07,84.73,79.34,100.94,2.9,13.1,REAL_MARKET_TELEMETRY (NYMEX/ICE via Yahoo Finance)
2026-07-15,VLSFO,702.68,84.95,79.6,100.5,2.92,12.84,REAL_MARKET_TELEMETRY (NYMEX/ICE via Yahoo Finance)
2026-07-16,VLSFO,697.41,84.23,78.95,100.73,2.86,12.65,REAL_MARKET_TELEMETRY (NYMEX/ICE via Yahoo Finance)
2026-07-17,VLSFO,725.77,88.1,82.49,100.75,2.91,12.66,REAL_MARKET_TELEMETRY (NYMEX/ICE via Yahoo Finance)
2026-07-20,VLSFO,733.98,89.22,83.23,100.99,2.86,12.19,REAL_MARKET_TELEMETRY (NYMEX/ICE via Yahoo Finance)
2026-07-21,VLSFO,747.1,91.01,84.91,101.18,2.87,12.62,REAL_MARKET_TELEMETRY (NYMEX/ICE via Yahoo Finance)
2026-07-22,VLSFO,769.53,94.07,86.83,101.14,2.92,12.51,REAL_MARKET_TELEMETRY (NYMEX/ICE via Yahoo Finance)
2026-07-23,VLSFO,818.06,100.69,92.19,101.43,2.92,12.68,REAL_MARKET_TELEMETRY (NYMEX/ICE via Yahoo Finance)
2026-07-24,VLSFO,789.4,96.78,89.31,101.47,2.87,12.57,REAL_MARKET_TELEMETRY (NYMEX/ICE via Yahoo Finance)
2026-07-27,VLSFO,727.68,88.36,82.61,101.51,2.77,12.38,REAL_MARKET_TELEMETRY (NYMEX/ICE via Yahoo Finance)
2026-07-28,VLSFO,696.38,84.09,79.26,101.38,2.66,12.61,REAL_MARKET_TELEMETRY (NYMEX/ICE via Yahoo Finance)
2026-07-29,VLSFO,745.12,90.74,84.46,100.8,2.72,12.78,REAL_MARKET_TELEMETRY (NYMEX/ICE via Yahoo Finance)
2026-07-30,VLSFO,732.59,89.03,83.59,100.01,2.76,13.36,REAL_MARKET_TELEMETRY (NYMEX/ICE via Yahoo Finance)
2026-07-31,VLSFO,740.58,90.12,84.67,99.8,2.75,13.42,REAL_MARKET_TELEMETRY (NYMEX/ICE via Yahoo Finance)
2026-08-03,VLSFO,694.03,83.77,80.34,99.96,2.78,13.95,REAL_MARKET_TELEMETRY (NYMEX/ICE via Yahoo Finance)
2026-08-04,VLSFO,661.71,79.36,75.77,99.89,2.68,13.91,REAL_MARKET_TELEMETRY (NYMEX/ICE via Yahoo Finance)
2026-08-05,VLSFO,662.37,79.45,75.22,99.69,2.69,13.97,REAL_MARKET_TELEMETRY (NYMEX/ICE via Yahoo Finance)
2026-08-06,VLSFO,684.65,82.49,77.29,99.97,2.64,13.94,REAL_MARKET_TELEMETRY (NYMEX/ICE via Yahoo Finance)
2026-08-07,VLSFO,692.42,83.55,78.18,99.6,2.66,13.76,REAL_MARKET_TELEMETRY (NYMEX/ICE via Yahoo Finance)
2026-08-10,VLSFO,722.99,87.72,82.13,99.81,2.79,13.8,REAL_MARKET_TELEMETRY (NYMEX/ICE via Yahoo Finance)
2026-08-11,VLSFO,731.71,88.91,83.2,99.82,2.77,13.79,REAL_MARKET_TELEMETRY (NYMEX/ICE via Yahoo Finance)
2026-08-12,VLSFO,732.22,88.98,83.27,100.01,2.8,13.67,REAL_MARKET_TELEMETRY (NYMEX/ICE via Yahoo Finance)
2026-08-13,VLSFO,718.22,87.07,81.25,99.96,2.73,13.89,REAL_MARKET_TELEMETRY (NYMEX/ICE via Yahoo Finance)
2026-08-14,VLSFO,728.85,88.52,82.4,99.67,2.73,14.29,REAL_MARKET_TELEMETRY (NYMEX/ICE via Yahoo Finance)
2026-08-17,VLSFO,746.08,90.87,84.5,99.64,2.69,14.0,REAL_MARKET_TELEMETRY (NYMEX/ICE via Yahoo Finance)
2026-08-18,VLSFO,747.18,91.02,84.94,99.65,2.78,13.82,REAL_MARKET_TELEMETRY (NYMEX/ICE via Yahoo Finance)
2026-08-19,VLSFO,751.57,91.62,85.83,98.83,2.81,14.01,REAL_MARKET_TELEMETRY (NYMEX/ICE via Yahoo Finance)
2026-08-20,VLSFO,767.41,93.78,87.83,98.9,2.73,14.19,REAL_MARKET_TELEMETRY (NYMEX/ICE via Yahoo Finance)
2026-08-21,VLSFO,771.88,94.39,87.06,98.8,2.77,14.75,REAL_MARKET_TELEMETRY (NYMEX/ICE via Yahoo Finance)
2026-08-24,VLSFO,755.61,92.17,85.01,99.0,2.78,14.69,REAL_MARKET_TELEMETRY (NYMEX/ICE via Yahoo Finance)
2026-08-25,VLSFO,729.29,88.58,82.36,98.92,2.77,15.06,REAL_MARKET_TELEMETRY (NYMEX/ICE via Yahoo Finance)
2026-08-26,VLSFO,723.87,87.84,82.23,99.17,2.84,15.06,REAL_MARKET_TELEMETRY (NYMEX/ICE via Yahoo Finance)
2026-08-27,VLSFO,737.5,89.7,83.53,99.16,2.91,14.82,REAL_MARKET_TELEMETRY (NYMEX/ICE via Yahoo Finance)
2026-08-28,VLSFO,734.64,89.31,83.4,99.7,2.89,15.52,REAL_MARKET_TELEMETRY (NYMEX/ICE via Yahoo Finance)
2026-08-31,VLSFO,743.29,90.49,85.76,99.43,2.93,15.47,REAL_MARKET_TELEMETRY (NYMEX/ICE via Yahoo Finance)
2026-09-01,VLSFO,773.78,94.65,90.22,99.67,2.9,15.8,REAL_MARKET_TELEMETRY (NYMEX/ICE via Yahoo Finance)
2026-09-02,VLSFO,780.97,95.63,91.01,99.56,2.96,16.58,REAL_MARKET_TELEMETRY (NYMEX/ICE via Yahoo Finance)
2026-09-03,VLSFO,780.16,95.52,91.3,99.0,2.91,16.14,REAL_MARKET_TELEMETRY (NYMEX/ICE via Yahoo Finance)
2026-09-04,VLSFO,785.73,96.28,91.48,99.16,2.97,16.56,REAL_MARKET_TELEMETRY (NYMEX/ICE via Yahoo Finance)
2026-09-08,VLSFO,806.62,99.13,94.08,98.86,2.91,16.3,REAL_MARKET_TELEMETRY (NYMEX/ICE via Yahoo Finance)
